Facilty,Address,City,State
SOUTHEAST IOWA REGIONAL MEDICAL CENTER,1221 SOUTH GEAR AVENUE,WEST BURLINGTON,IA
HANCOCK COUNTY HEALTH SYSTEM,532 1ST ST NW,BRITT,IA
KOSSUTH REGIONAL HEALTH CENTER,1515 SOUTH PHILLIPS STREET,ALGONA,IA
VAN BUREN COUNTY HOSPITAL,304 FRANKLIN STREET,KEOSAUQUA,IA
MERCYONE NORTH IOWA MEDICAL CENTER,1000 FOURTH STREET SW,MASON CITY,IA
HORN MEMORIAL HOSPITAL,701 E 2ND ST,IDA GROVE,IA
TRINITY MUSCATINE,1518 MULBERRY AVENUE,MUSCATINE,IA
JACKSON COUNTY REGIONAL HEALTH CENTER,700 W GROVE ST,MAQUOKETA,IA
VIRGINIA GAY HOSPITAL,502 NORTH 9TH AVENUE,VINTON,IA
COMPASS MEMORIAL HEALTHCARE,300 W MAY ST,MARENGO,IA
CHI HEALTH MERCY COUNCIL BLUFFS,800 MERCY DRIVE,COUNCIL BLUFFS,IA
METHODIST JENNIE EDMUNDSON,933 EAST PIERCE STREET,COUNCIL BLUFFS,IA
BURGESS HEALTH CENTER,1600 DIAMOND STREET,ONAWA,IA
GENESIS MEDICAL CENTER-DEWITT,1118 11TH STREET,DEWITT,IA
JONES REGIONAL MEDICAL CENTER,1795 HIGHWAY 64 EAST,ANAMOSA,IA
UNIVERSITY OF IOWA HEALTH CARE MEDICAL CENTER DOWN,500 E MARKET STREET,IOWA CITY,IA
MERCYONE SIOUXLAND MEDICAL CENTER,801 5TH ST,SIOUX CITY,IA
KEOKUK COUNTY HEALTH CENTER,23019 HIGHWAY 149,SIGOURNEY,IA
CHEROKEE REGIONAL MEDICAL CENTER,300 SIOUX VALLEY DRIVE,CHEROKEE,IA
CLARINDA REGIONAL HEALTH CENTER,220 ESSIE DAVISON DRIVE,CLARINDA,IA
GRUNDY COUNTY MEMORIAL HOSPITAL,201 EAST J AVENUE,GRUNDY CENTER,IA
MONTGOMERY COUNTY MEMORIAL HOSPITAL,2301 EASTERN AVENUE,RED OAK,IA
WAVERLY HEALTH CENTER,312  9TH STREET SW,WAVERLY,IA
MYRTUE MEDICAL CENTER,1213 GARFIELD AVENUE,HARLAN,IA
MERCYONE ELKADER MEDICAL CENTER,901 DAVIDSON STREET NW,ELKADER,IA
HANSEN FAMILY HOSPITAL,920 SOUTH OAK STREET,IOWA FALLS,IA
GEORGE C GRAPE COMMUNITY HOSPITAL,2959 US HIGHWAY 275,HAMBURG,IA
WASHINGTON COUNTY HOSPITAL AND CLINICS,400 EAST POLK STREET,WASHINGTON,IA
CRAWFORD COUNTY MEMORIAL HOSPITAL,100 MEDICAL PARKWAY,DENISON,IA
UNITYPOINT HEALTH - MARSHALLTOWN,55 UNITYPOINT WAY,MARSHALLTOWN,IA
UNITYPOINT HEALTH - DES MOINES IOWA METHODIST MEDI,1200 PLEASANT STREET,DES MOINES,IA
HENRY COUNTY HEALTH CENTER,407 S WHITE ST,MOUNT PLEASANT,IA
KNOXVILLE HOSPITAL & CLINICS,1002 SOUTH LINCOLN STREET,KNOXVILLE,IA
MERCYONE DYERSVILLE MEDICAL CENTER,1111 3RD STREET SW,DYERSVILLE,IA
ST ANTHONY REGIONAL HOSPITAL & NURSING HOME,311 SOUTH CLARK STREET,CARROLL,IA
SPENCER MUNICIPAL HOSPITAL,1200 1ST AVENUE EAST,SPENCER,IA
STEWART MEMORIAL COMMUNITY HOSPITAL,1301 WEST MAIN STREET,LAKE CITY,IA
CHI HEALTH MISSOURI VALLEY,631 N 8TH ST,MISSOURI VALLEY,IA
MAHASKA  HEALTH PARTNERSHIP,1229 C AVENUE EAST,OSKALOOSA,IA
FLOYD VALLEY HEALTHCARE,714 LINCOLN ST NE,LE MARS,IA
BUCHANAN COUNTY HEALTH CENTER,1600 FIRST ST EAST,INDEPENDENCE,IA
MADISON COUNTY HEALTH CARE SYSTEM,300 WEST HUTCHINGS STREET,WINTERSET,IA
AVERA HOLY FAMILY HOSPITAL,826 NORTH 8TH STREET,ESTHERVILLE,IA
FRANKLIN GENERAL HOSPITAL,1720 CENTRAL AVENUE EAST,HAMPTON,IA
TRINITY REGIONAL MEDICAL CENTER,802 KENYON RD,FORT DODGE,IA
BUENA VISTA REGIONAL MEDICAL CENTER,1525 WEST 5TH STREET,STORM LAKE,IA
DALLAS COUNTY HOSPITAL,610 TENTH STREET,PERRY,IA
CLARKE COUNTY HOSPITAL,800 S FILLMORE ST,OSCEOLA,IA
REGIONAL HEALTH SERVICES OF HOWARD COUNTY,235 8TH AVENUE WEST,CRESCO,IA
VAN DIEST MEDICAL CENTER,2350 HOSPITAL DRIVE,WEBSTER CITY,IA
POCAHONTAS COMMUNITY HOSPITAL,606 N W 7TH STREET,POCAHONTAS,IA
MERCYONE PRIMGHAR MEDICAL CENTER,255 N WELCH AVENUE,PRIMGHAR,IA
BOONE COUNTY HOSPITAL,1015 UNION STREET,BOONE,IA
CHI HEALTH - MERCY CORNING,603 ROSARY DRIVE,CORNING,IA
VETERANS MEMORIAL HOSPITAL,40 1ST STREET SE,WAUKON,IA
RINGGOLD COUNTY HOSPITAL,504 NORTH CLEVELAND STREET,MOUNT AYR,IA
GENESIS MEDICAL CENTER-DAVENPORT,1227 EAST RUSHOLME STREET,DAVENPORT,IA
ADAIR COUNTY MEMORIAL HOSPITAL,609 SE KENT,GREENFIELD,IA
LUCAS COUNTY HEALTH CENTER,1200 NORTH 7TH STREET,CHARITON,IA
MITCHELL COUNTY REGIONAL HEALTH,616 NORTH EIGHTH STREET,OSAGE,IA
OSCEOLA COMMUNITY HOSPITAL,600 9TH AVENUE NORTH,SIBLEY,IA
MERCYONE DUBUQUE MEDICAL CENTER,250 MERCY DRIVE,DUBUQUE,IA
FINLEY HOSPITAL,350 NORTH GRANDVIEW AVENUE,DUBUQUE,IA
GRINNELL REGIONAL MEDICAL CENTER,210 FOURTH AVENUE,GRINNELL,IA
AVERA MERRILL PIONEER HOSPITAL,1100 S 10TH AVE,ROCK RAPIDS,IA
STORY COUNTY HOSPITAL,640 SOUTH 19TH STREET,NEVADA,IA
PALO ALTO COUNTY HOSPITAL,3201 1ST STREET,EMMETSBURG,IA
FLOYD COUNTY MEDICAL CENTER,800 11TH ST,CHARLES CITY,IA
CASS COUNTY MEMORIAL HOSPITAL,1501 EAST TENTH STREET,ATLANTIC,IA
"SARTORI MEMORIAL HOSPITAL, INC",515 COLLEGE STREET,CEDAR FALLS,IA
BROADLAWNS MEDICAL CENTER,1801 HICKMAN ROAD,DES MOINES,IA
MERCYONE DES MOINES MEDICAL CENTER,1111 6TH AVE,DES MOINES,IA
MERCYONE NEWTON MEDICAL CENTER,204 N 4TH AVE E,NEWTON,IA
HUMBOLDT COUNTY MEMORIAL HOSPITAL,1000 NORTH 15TH STREET,HUMBOLDT,IA
REGIONAL MEDICAL CENTER,709 W MAIN STREET,MANCHESTER,IA
IOWA SPECIALTY HOSPITAL - CLARION,1316 SOUTH MAIN STREET,CLARION,IA
MARY GREELEY MEDICAL CENTER,1111 DUFF AVENUE,AMES,IA
DAVIS COUNTY HOSPITAL,509 NORTH MADISON STREET,BLOOMFIELD,IA
GUTHRIE COUNTY HOSPITAL,710 NORTH 12TH STREET,GUTHRIE CENTER,IA
ST LUKES HOSPITAL,1026 A AVE NE,CEDAR RAPIDS,IA
GREATER REGIONAL MEDICAL CENTER,1700 WEST TOWNLINE STREET,CRESTON,IA
UNIVERSITY OF IOWA HOSPITAL & CLINICS,200 HAWKINS DRIVE,IOWA CITY,IA
ST LUKES REGIONAL MEDICAL CENTER,2720 STONE PARK BOULEVARD,SIOUX CITY,IA
MERCYONE CLINTON MEDICAL CENTER,1410 NORTH 4TH STREET,CLINTON,IA
MERCYONE OELWEIN MEDICAL CENTER,201 EIGHTH AVENUE SE,OELWEIN,IA
DECATUR COUNTY HOSPITAL,1405 NW CHURCH STREET,LEON,IA
WINNMED,901 MONTGOMERY STREET,DECORAH,IA
OTTUMWA REGIONAL HEALTH CENTER,1001 E PENNSYLVANIA,OTTUMWA,IA
SHENANDOAH MEDICAL CENTER,300 PERSHING AVENUE,SHENANDOAH,IA
MERCY MEDICAL CENTER-NEW HAMPTON,308 NORTH MAPLE AVENUE,NEW HAMPTON,IA
IOWA SPECIALTY HOSPITAL - BELMOND,403 FIRST STREET SE,BELMOND,IA
GREENE COUNTY MEDICAL CENTER,1000 WEST LINCOLN WAY,JEFFERSON,IA
MONROE COUNTY HOSPITAL,6580 165TH STREET,ALBIA,IA
MERCY MEDICAL CENTER - CEDAR RAPIDS,701 10TH STREET SE,CEDAR RAPIDS,IA
GUNDERSEN PALMER LUTHERAN HOSPITAL AND CLINICS,112 JEFFERSON STREET,WEST UNION,IA
AUDUBON COUNTY MEMORIAL HOSPITAL,515 PACIFIC AVENUE,AUDUBON,IA
MERCYONE WATERLOO MEDICAL CENTER,3421 WEST NINTH STREET,WATERLOO,IA
HAWARDEN REGIONAL HEALTHCARE,1111 11TH STREET,HAWARDEN,IA
JEFFERSON COUNTY HEALTH CENTER,2000 S MAIN,FAIRFIELD,IA
ORANGE CITY AREA HEALTH SYSTEM,1000 LINCOLN CIRCLE SE,ORANGE CITY,IA
MERCYONE CENTERVILLE MEDICAL CENTER,ONE ST JOSEPH'S DRIVE,CENTERVILLE,IA
LAKES REGIONAL HEALTHCARE,2301 HIGHWAY 71,SPIRIT LAKE,IA
WAYNE COUNTY HOSPITAL,417 SOUTH EAST STREET,CORYDON,IA
GUTTENBERG MUNICIPAL HOSPITAL,200 MAIN STREET,GUTTENBERG,IA
ALLEN HOSPITAL,1825 LOGAN AVENUE,WATERLOO,IA
PELLA REGIONAL HEALTH CENTER,404 JEFFERSON STREET,PELLA,IA
COMMUNITY MEMORIAL HOSPITAL MEDICAL CENTER,909 WEST FIRST STREET,SUMNER,IA
HEGG MEMORIAL HEALTH CENTER,1202 21ST AVENUE,ROCK VALLEY,IA
TRINITY - BETTENDORF,4500 UTICA RIDGE ROAD,BETTENDORF,IA
SIOUX CENTER HEALTH,1101 9TH STREET SE,SIOUX CENTER,IA
SANFORD SHELDON MEDICAL CENTER,118 NORTH 7TH AVENUE,SHELDON,IA
